,split,F0_mean,IH_sF1_mean,IH_sF2_mean,IH_sF3_mean,IH_sF4_mean,IH_sF1_mean_dist,IH_sF2_mean_dist,IH_sF3_mean_dist,IH_sF4_mean_dist,AY_sF1_mean_first,AY_sF2_mean_first,AY_sF3_mean_first,AY_sF4_mean_first,AY_sF1_mean_third,AY_sF2_mean_third,AY_sF3_mean_third,AY_sF4_mean_third,vowel_avg_dur,percent_creak,spectral_S_cog,spectral_S_duration,spectral_S_skew
0,all,0.0,0.0,0.0,0.0,0.0,4.2342604315076767e-47,1.71616226644819e-162,1.464950340973643e-17,0.9598935035648957,0.0,5.674380291262241e-220,6.612473601464222e-05,0.0,0.0,2.1710622632832056e-228,0.0009261189984319031,0.0,2.0277142414544826e-16,1.0663055655156614e-71,1.0496225043900922e-288,0.0,4.795002090662547e-286
1,gender_id,0.0,0.0,0.0,0.0,0.0,9.91782997515159e-32,1.4399334622045725e-109,1.3527602763725137e-08,0.004145600569817149,1.3899050286009842e-281,2.476575904162511e-130,0.0002667199359339786,0.0,1.2103144975853781e-272,4.321447375436022e-138,0.004841963305134543,0.0,0.0009803000960688449,8.727508340992812e-30,4.0268183647408016e-244,2.0903295571592953e-252,1.576244289575572e-222
2,sexual_orientation,1.0534357435649206e-37,0.08911237732989964,0.16954548553206375,1.4924196328094222e-18,8.749575679481357e-11,0.006633010494449739,5.318476223093723e-05,1.4380953179929397e-08,2.0464818083831237e-29,3.9147627502854706e-26,0.5047211579732601,0.4899845061030476,0.0009914770216875274,1.4624337813718265e-26,0.6664383170132973,0.3169533179222441,0.0010287569993461512,8.594485519510182e-35,2.165267063837567e-67,2.0246909447691693e-31,0.07513037426016725,1.7472687124725782e-23
3,voice_id,0.0,0.0,0.0,0.0,0.0,9.807820913998633e-50,7.167431645262753e-85,0.00028382499594782243,1.8478094970879225e-11,1.2006078936e-314,5.083555419406281e-179,0.02074382123569533,2.2191312994604476e-305,2.284150316954208e-307,3.641029039737554e-185,0.07547807168088219,8.494875087894984e-306,0.9097925014343167,0.0005913550670176018,6.4e-322,9.967671994092472e-263,1.0738e-319
