,split,F0_mean,IH_sF1_mean,IH_sF2_mean,IH_sF3_mean,IH_sF4_mean,IH_sF1_mean_dist,IH_sF2_mean_dist,IH_sF3_mean_dist,IH_sF4_mean_dist,AY_sF1_mean_first,AY_sF2_mean_first,AY_sF3_mean_first,AY_sF4_mean_first,AY_sF1_mean_third,AY_sF2_mean_third,AY_sF3_mean_third,AY_sF4_mean_third,vowel_avg_dur,percent_creak,spectral_S_cog,spectral_S_duration,spectral_S_skew
0,all,0.4962582024155596,0.22663762112442187,0.26773516432656935,0.3568041764021164,0.35585135991137407,0.07288701464260564,0.1368976238275451,0.043170671875193654,0.00025462783478433877,0.24505116433891852,0.15928077371256186,0.020200248022641334,0.24281045238654653,0.24237066677841476,0.16228849440456414,0.016769332777322572,0.24296496797340378,-0.041605885427580466,-0.09047848776981512,0.18232120468038196,-0.19935272840944002,-0.1814872025507262
1,gender_id,0.6906787274979371,0.33172031065457774,0.3887511183989931,0.5009331921361821,0.49972723039165967,0.10253325106269753,0.19321244181083574,0.04978051106091477,-0.025140577370622627,0.30688084156449436,0.2106502072696395,0.03196688275741073,0.35394423078611814,0.30216684351408307,0.21677653422648263,0.024706619489022377,0.3542499152906544,-0.02890340453254139,-0.09917787570034578,0.28650396474059825,-0.29115670351763734,-0.27393935799882185
2,sexual_orientation,0.11221081801925506,-0.014910309199362348,0.012047639795615794,0.0769825558020349,0.05685083683445581,-0.02380682845813979,0.03543297436693374,0.04968882162299089,0.09852618660000981,0.09254673774818117,0.005850739382626643,0.006054685979900424,0.02887547640964372,0.09334764688584926,0.003780541770468599,0.008777055761884957,0.028784385550334027,-0.10760392507723232,-0.1512495850895349,-0.10200585660462148,0.015608066952324647,0.08742092514937819
3,voice_id,0.642242266164568,0.3340593622149238,0.37146210356693077,0.4600181570146319,0.476661594212179,0.12949564957867288,0.16997349061133327,0.031826531277128846,-0.05886701827514065,0.32359881901661036,0.24635668755587187,0.020281278498216017,0.3190209771154887,0.32000957146175096,0.2504629920255289,0.015589482393001234,0.3192287238191878,0.0009937279879137383,-0.030125496773571604,0.3271369318589017,-0.29683298980462824,-0.32605956124483965
