,split,F0_mean,IH_sF1_mean,IH_sF2_mean,IH_sF3_mean,IH_sF4_mean,IH_sF1_mean_dist,IH_sF2_mean_dist,IH_sF3_mean_dist,IH_sF4_mean_dist,AY_sF1_mean_first,AY_sF2_mean_first,AY_sF3_mean_first,AY_sF4_mean_first,AY_sF1_mean_third,AY_sF2_mean_third,AY_sF3_mean_third,AY_sF4_mean_third,vowel_avg_dur,percent_creak,spectral_S_cog,spectral_S_duration,spectral_S_skew
0,all,0.49625820241556123,0.22663762112442123,0.26773516432656813,0.35680417640211637,0.35585135991137484,0.07288701464260508,0.1368976238275441,0.04317067187519318,0.0002546278347836939,0.2450511643389186,0.15928077371256158,0.020200248022641306,0.24281045238654606,0.24237066677841548,0.162288494404564,0.01676933277732258,0.24296496797340422,-0.04160588542758032,-0.09047848776981483,0.1823212046803826,-0.1993527284094404,-0.1814872025507254
1,gender_id,0.6906787274979368,0.3317203106545782,0.3887511183989945,0.5009331921361831,0.4997272303916607,0.10253325106269748,0.1932124418108362,0.04978051106091484,-0.025140577370622627,0.3068808415644945,0.2106502072696393,0.031966882757410726,0.35394423078611914,0.3021668435140824,0.21677653422648313,0.024706619489022363,0.3542499152906543,-0.028903404532541484,-0.09917787570034584,0.2865039647405988,-0.2911567035176377,-0.27393935799882163
2,sexual_orientation,0.11221081801925512,-0.01491030919936239,0.012047639795615812,0.07698255580203492,0.056850836834455847,-0.023806828458139796,0.03543297436693378,0.049688821622990875,0.09852618660000985,0.09254673774818122,0.0058507393826266315,0.006054685979900439,0.02887547640964381,0.0933476468858491,0.0037805417704685975,0.008777055761884967,0.028784385550334034,-0.10760392507723243,-0.15124958508953487,-0.10200585660462153,0.015608066952324657,0.08742092514937816
3,voice_id,0.6422422661645674,0.33405936221492344,0.3714621035669308,0.46001815701463245,0.4766615942121793,0.1294956495786729,0.16997349061133274,0.031826531277128894,-0.058867018275140584,0.32359881901661064,0.2463566875558723,0.020281278498215975,0.3190209771154886,0.3200095714617506,0.2504629920255287,0.015589482393001253,0.3192287238191874,0.0009937279879137506,-0.03012549677357164,0.3271369318589017,-0.2968329898046281,-0.32605956124483976
